time,P,I,D,ds,left speed,right speed
248,-0.520909,-0.000033,-1.220881,-1.741823,0.258177,3.741823
249,-0.440455,-0.000062,0.188565,-0.251951,1.748049,2.251951
250,-0.466364,-0.000091,-0.060724,-0.527179,1.472821,2.527179
251,-0.388636,-0.000116,0.182173,-0.206579,1.793421,2.206579
252,-0.317727,-0.000137,0.166193,-0.151671,1.848329,2.151671
253,-0.346364,-0.000159,-0.067116,-0.413639,1.586361,2.413639
254,-0.298636,-0.000178,0.111861,-0.186953,1.813047,2.186953
255,-0.163636,-0.000188,0.316406,0.152582,2.152582,1.847418
256,-0.199091,-0.000201,-0.083097,-0.282389,1.717611,2.282389
257,-0.267273,-0.000218,-0.159801,-0.427292,1.572708,2.427292
258,-0.162273,-0.000229,0.246094,0.083592,2.083592,1.916408
259,-0.137727,-0.000237,0.057528,-0.080436,1.919564,2.080436
260,-0.152727,-0.000247,-0.035156,-0.188131,1.811869,2.188131
261,-0.047727,-0.000250,0.246094,0.198116,2.198116,1.801884
262,-0.076364,-0.000255,-0.067116,-0.143735,1.856265,2.143735
263,-0.038182,-0.000258,0.089489,0.051049,2.051049,1.948951
264,-0.136364,-0.000266,-0.230114,-0.366744,1.633256,2.366744
265,-0.110455,-0.000273,0.060724,-0.050003,1.949997,2.050003
266,-0.122727,-0.000281,-0.028764,-0.151773,1.848227,2.151773
267,-0.091364,-0.000287,0.073509,-0.018142,1.981858,2.018142
268,-0.061364,-0.000291,0.070313,0.008658,2.008658,1.991342
269,0.032727,-0.000289,0.220526,0.252964,2.252964,1.747036
270,0.032727,-0.000287,0.000000,0.032440,2.032440,1.967560
271,-0.004091,-0.000287,-0.086293,-0.090671,1.909329,2.090671
272,0.115909,-0.000280,0.281250,0.396879,2.396879,1.603121
273,-0.054545,-0.000283,-0.399503,-0.454331,1.545669,2.454331
274,0.117273,-0.000276,0.402699,0.519696,2.519696,1.480304
275,0.130909,-0.000267,0.031960,0.162602,2.162602,1.837398
276,0.154091,-0.000257,0.054332,0.208166,2.208166,1.791834
277,0.076364,-0.000252,-0.182173,-0.106062,1.893938,2.106062
278,0.140455,-0.000243,0.150213,0.290424,2.290424,1.709576
279,0.043636,-0.000241,-0.226918,-0.183522,1.816478,2.183522
280,0.047727,-0.000238,0.009588,0.057078,2.057078,1.942922
281,0.166364,-0.000227,0.278054,0.444191,2.444191,1.555809
282,0.178636,-0.000216,0.028764,0.207185,2.207185,1.792815
283,0.096818,-0.000209,-0.191761,-0.095153,1.904847,2.095153
284,0.139091,-0.000200,0.099077,0.237967,2.237967,1.762033
285,0.106364,-0.000194,-0.076705,0.029465,2.029465,1.970535
286,0.000000,-0.000194,-0.249290,-0.249483,1.750517,2.249483
287,0.034091,-0.000191,0.079901,0.113800,2.113800,1.886200
288,0.057273,-0.000188,0.054332,0.111417,2.111417,1.888583
289,0.055909,-0.000184,-0.003196,0.052529,2.052529,1.947471
290,0.105000,-0.000178,0.115057,0.219879,2.219879,1.780121
291,-0.087273,-0.000183,-0.450639,-0.538095,1.461905,2.538095
292,-0.005455,-0.000183,0.191761,0.186123,2.186123,1.813877
293,0.069545,-0.000179,0.175781,0.245148,2.245148,1.754852
294,0.000000,-0.000179,-0.162997,-0.163176,1.836824,2.163176
295,-0.046364,-0.000182,-0.108665,-0.155210,1.844790,2.155210
296,0.023182,-0.000180,0.162997,0.185998,2.185998,1.814002
297,0.030000,-0.000179,0.015980,0.045802,2.045802,1.954198
298,-0.132273,-0.000187,-0.380327,-0.512786,1.487214,2.512786
299,0.008182,-0.000187,0.329190,0.337186,2.337186,1.662814
300,0.020455,-0.000185,0.028764,0.049034,2.049034,1.950966
301,0.015000,-0.000184,-0.012784,0.002032,2.002032,1.997968
302,0.001364,-0.000184,-0.031960,-0.030781,1.969219,2.030781
303,0.057273,-0.000180,0.131037,0.188129,2.188129,1.811871
304,-0.090000,-0.000186,-0.345170,-0.435357,1.564643,2.435357
305,0.035455,-0.000184,0.294034,0.329305,2.329305,1.670695
306,-0.030000,-0.000186,-0.153409,-0.183595,1.816405,2.183595
307,-0.096818,-0.000192,-0.156605,-0.253615,1.746385,2.253615
308,-0.080455,-0.000197,0.038352,-0.042300,1.957700,2.042300
309,0.098182,-0.000191,0.418679,0.516670,2.516670,1.483330
310,-0.079091,-0.000196,-0.415483,-0.494770,1.505230,2.494770
311,-0.055909,-0.000200,0.054332,-0.001776,1.998224,2.001776
312,-0.009545,-0.000200,0.108665,0.098919,2.098919,1.901081
313,-0.027273,-0.000202,-0.041548,-0.069023,1.930977,2.069023
314,-0.077727,-0.000207,-0.118253,-0.196187,1.803813,2.196187
315,0.001364,-0.000207,0.185369,0.186526,2.186526,1.813474
316,-0.080455,-0.000212,-0.191761,-0.272428,1.727572,2.272428
317,-0.049091,-0.000215,0.073509,0.024202,2.024202,1.975798
318,-0.050455,-0.000218,-0.003196,-0.053869,1.946131,2.053869
319,0.002727,-0.000218,0.124645,0.127154,2.127154,1.872846
320,-0.025909,-0.000220,-0.067116,-0.093245,1.906755,2.093245
321,0.023182,-0.000218,0.115057,0.138020,2.138020,1.861980
322,-0.016364,-0.000219,-0.092685,-0.109268,1.890732,2.109268
323,-0.072273,-0.000224,-0.131037,-0.203534,1.796466,2.203534
324,-0.001364,-0.000224,0.166193,0.164605,2.164605,1.835395
325,0.091364,-0.000218,0.217330,0.308475,2.308475,1.691525
326,-0.016364,-0.000219,-0.252486,-0.269069,1.730931,2.269069
327,0.035455,-0.000217,0.121449,0.156686,2.156686,1.843314
328,0.079091,-0.000212,0.102273,0.181152,2.181152,1.818848
329,0.049091,-0.000209,-0.070313,-0.021430,1.978570,2.021430
330,0.072273,-0.000204,0.054332,0.126401,2.126401,1.873599
331,0.107727,-0.000197,0.083097,0.190627,2.190627,1.809373
332,0.088636,-0.000192,-0.044744,0.043700,2.043700,1.956300
333,0.177273,-0.000180,0.207741,0.384834,2.384834,1.615166
334,0.065455,-0.000176,-0.262074,-0.196795,1.803205,2.196795
335,0.016364,-0.000175,-0.115057,-0.098868,1.901132,2.098868
336,0.032727,-0.000173,0.038352,0.070907,2.070907,1.929093
337,0.107727,-0.000166,0.175781,0.283342,2.283342,1.716658
338,0.124091,-0.000158,0.038352,0.162285,2.162285,1.837715
356,-0.141818,-0.000167,-0.623224,-0.765210,1.234790,2.765210
357,-0.207273,-0.000180,-0.153409,-0.360862,1.639138,2.360862
358,-0.113182,-0.000188,0.220526,0.107156,2.107156,1.892844
359,-0.105000,-0.000194,0.019176,-0.086018,1.913982,2.086018
360,0.039545,-0.000192,0.338778,0.378132,2.378132,1.621868
361,-0.160909,-0.000202,-0.469815,-0.630927,1.369073,2.630927
362,-0.012273,-0.000203,0.348366,0.335891,2.335891,1.664109
363,0.012273,-0.000202,0.057528,0.069599,2.069599,1.930401
364,-0.038182,-0.000205,-0.118253,-0.156639,1.843361,2.156639
365,0.025909,-0.000203,0.150213,0.175919,2.175919,1.824081
366,-0.010909,-0.000204,-0.086293,-0.097405,1.902595,2.097405
367,0.061364,-0.000200,0.169389,0.230553,2.230553,1.769447
368,-0.050455,-0.000203,-0.262074,-0.312731,1.687269,2.312731
369,0.035455,-0.000201,0.201349,0.236603,2.236603,1.763397
370,0.180000,-0.000189,0.338778,0.518589,2.518589,1.481411
371,0.032727,-0.000187,-0.345170,-0.312630,1.687370,2.312630
372,0.039545,-0.000185,0.015980,0.055341,2.055341,1.944659
373,0.147273,-0.000175,0.252486,0.399583,2.399583,1.600417
374,0.001364,-0.000175,-0.341974,-0.340786,1.659214,2.340786
375,0.047727,-0.000172,0.108665,0.156220,2.156220,1.843780
376,0.073636,-0.000167,0.060724,0.134193,2.134193,1.865807
377,0.128182,-0.000159,0.127841,0.255864,2.255864,1.744136
378,0.040909,-0.000156,-0.204545,-0.163793,1.836207,2.163793
379,0.047727,-0.000153,0.015980,0.063554,2.063554,1.936446
380,-0.039545,-0.000156,-0.204545,-0.244247,1.755753,2.244247
381,0.009545,-0.000155,0.115057,0.124447,2.124447,1.875553
382,0.069545,-0.000151,0.140625,0.210020,2.210020,1.789980
383,0.109091,-0.000144,0.092685,0.201632,2.201632,1.798368
384,0.036818,-0.000142,-0.169389,-0.132713,1.867287,2.132713
385,0.039545,-0.000139,0.006392,0.045798,2.045798,1.954202
386,0.028636,-0.000137,-0.025568,0.002931,2.002931,1.997069
387,0.013636,-0.000136,-0.035156,-0.021656,1.978344,2.021656
388,0.061364,-0.000132,0.111861,0.173092,2.173092,1.826908
389,-0.080455,-0.000138,-0.332386,-0.412978,1.587022,2.412978
390,-0.016364,-0.000139,0.150213,0.133711,2.133711,1.866289
391,0.030000,-0.000137,0.108665,0.138528,2.138528,1.861472
392,0.073636,-0.000132,0.102273,0.175777,2.175777,1.824223
393,0.031364,-0.000130,-0.099077,-0.067843,1.932157,2.067843
394,0.038182,-0.000128,0.015980,0.054034,2.054034,1.945966
395,0.027273,-0.000126,-0.025568,0.001579,2.001579,1.998421
396,-0.024545,-0.000127,-0.121449,-0.146122,1.853878,2.146122
397,-0.046364,-0.000130,-0.051136,-0.097630,1.902370,2.097630
398,-0.008182,-0.000131,0.089489,0.081176,2.081176,1.918824
399,0.009545,-0.000130,0.041548,0.050964,2.050964,1.949036
400,-0.043636,-0.000133,-0.124645,-0.168414,1.831586,2.168414
401,-0.062727,-0.000137,-0.044744,-0.107609,1.892391,2.107609
402,-0.060000,-0.000141,0.006392,-0.053749,1.946251,2.053749
403,0.008182,-0.000140,0.159801,0.167843,2.167843,1.832157
404,-0.047727,-0.000143,-0.131037,-0.178908,1.821092,2.178908
405,-0.021818,-0.000145,0.060724,0.038761,2.038761,1.961239
406,-0.015000,-0.000146,0.015980,0.000834,2.000834,1.999166
407,0.035455,-0.000143,0.118253,0.153564,2.153564,1.846436
408,-0.010909,-0.000144,-0.108665,-0.119718,1.880282,2.119718
409,0.040909,-0.000142,0.121449,0.162216,2.162216,1.837784
410,-0.002727,-0.000142,-0.102273,-0.105142,1.894858,2.105142
411,-0.066818,-0.000146,-0.150213,-0.217177,1.782823,2.217177
412,0.061364,-0.000142,0.300426,0.361648,2.361648,1.638352
413,-0.070909,-0.000147,-0.310014,-0.381070,1.618930,2.381070
414,0.025909,-0.000145,0.226918,0.252682,2.252682,1.747318
415,-0.025909,-0.000147,-0.121449,-0.147505,1.852495,2.147505
416,0.046364,-0.000144,0.169389,0.215609,2.215609,1.784391
417,0.023182,-0.000142,-0.054332,-0.031293,1.968707,2.031293
418,-0.020455,-0.000143,-0.102273,-0.122871,1.877129,2.122871
419,-0.055909,-0.000147,-0.083097,-0.139153,1.860847,2.139153
420,-0.025909,-0.000149,0.070313,0.044255,2.044255,1.955745
421,-0.031364,-0.000151,-0.012784,-0.044298,1.955702,2.044298
422,0.001364,-0.000151,0.076705,0.077918,2.077918,1.922082
423,-0.016364,-0.000152,-0.041548,-0.058064,1.941936,2.058064
424,0.024545,-0.000150,0.095881,0.120276,2.120276,1.879724
425,0.103636,-0.000143,0.185369,0.288862,2.288862,1.711138
426,-0.025909,-0.000145,-0.303622,-0.329676,1.670324,2.329676
427,-0.051818,-0.000148,-0.060724,-0.112691,1.887309,2.112691
428,0.114545,-0.000141,0.389915,0.504319,2.504319,1.495681
429,-0.025909,-0.000143,-0.329190,-0.355242,1.644758,2.355242
430,-0.047727,-0.000146,-0.051136,-0.099009,1.900991,2.099009
431,0.019091,-0.000145,0.156605,0.175551,2.175551,1.824449
432,-0.079091,-0.000150,-0.230114,-0.309354,1.690646,2.309354
433,0.061364,-0.000146,0.329190,0.390408,2.390408,1.609592
434,-0.072273,-0.000150,-0.313210,-0.385633,1.614367,2.385633
435,0.025909,-0.000149,0.230114,0.255874,2.255874,1.744126
436,0.028636,-0.000147,0.006392,0.034882,2.034882,1.965118
437,0.012273,-0.000146,-0.038352,-0.026226,1.973774,2.026226
438,-0.009545,-0.000147,-0.051136,-0.060829,1.939171,2.060829
439,0.025909,-0.000145,0.083097,0.108861,2.108861,1.891139
440,-0.144545,-0.000154,-0.399503,-0.544203,1.455797,2.544203
441,0.027273,-0.000153,0.402699,0.429819,2.429819,1.570181
442,0.075000,-0.000148,0.111861,0.186713,2.186713,1.813287
443,-0.117273,-0.000155,-0.450639,-0.568067,1.431933,2.568067
444,0.099545,-0.000149,0.508168,0.607564,2.607564,1.392436
445,0.004091,-0.000149,-0.223722,-0.219779,1.780221,2.219779
446,0.083182,-0.000143,0.185369,0.268408,2.268408,1.731592
447,0.039545,-0.000141,-0.102273,-0.062868,1.937132,2.062868
448,0.049091,-0.000138,0.022372,0.071325,2.071325,1.928675
449,-0.027273,-0.000139,-0.178977,-0.206389,1.793611,2.206389
450,0.006818,-0.000139,0.079901,0.086580,2.086580,1.913420
451,0.028636,-0.000137,0.051136,0.079636,2.079636,1.920364
452,-0.031364,-0.000139,-0.140625,-0.172128,1.827872,2.172128
453,0.038182,-0.000137,0.162997,0.201042,2.201042,1.798958
454,0.066818,-0.000132,0.067116,0.133802,2.133802,1.866198
455,-0.028636,-0.000134,-0.223722,-0.252492,1.747508,2.252492
456,0.070909,-0.000130,0.233310,0.304089,2.304089,1.695911
457,-0.050455,-0.000133,-0.284446,-0.335033,1.664967,2.335033
458,0.015000,-0.000132,0.153409,0.168277,2.168277,1.831723
459,-0.079091,-0.000137,-0.220526,-0.299753,1.700247,2.299753
460,-0.012273,-0.000138,0.156605,0.144195,2.144195,1.855805
461,-0.038182,-0.000140,-0.060724,-0.099046,1.900954,2.099046
462,0.019091,-0.000139,0.134233,0.153185,2.153185,1.846815
463,-0.060000,-0.000143,-0.185369,-0.245512,1.754488,2.245512
464,-0.024545,-0.000144,0.083097,0.058407,2.058407,1.941593
465,-0.021818,-0.000146,0.006392,-0.015572,1.984428,2.015572
466,-0.010909,-0.000147,0.025568,0.014513,2.014513,1.985487
467,0.066818,-0.000142,0.182173,0.248849,2.248849,1.751151
468,0.042273,-0.000140,-0.057528,-0.015395,1.984605,2.015395
469,-0.114545,-0.000147,-0.367543,-0.482235,1.517765,2.482235
470,-0.030000,-0.000149,0.198153,0.168005,2.168005,1.831995
471,0.040909,-0.000146,0.166193,0.206956,2.206956,1.793044
472,0.005455,-0.000146,-0.083097,-0.077788,1.922212,2.077788
473,-0.076364,-0.000151,-0.191761,-0.268276,1.731724,2.268276
474,0.075000,-0.000146,0.354759,0.429613,2.429613,1.570387
475,-0.050455,-0.000149,-0.294034,-0.344638,1.655362,2.344638
476,0.042273,-0.000146,0.217330,0.259456,2.259456,1.740544
477,0.025909,-0.000145,-0.038352,-0.012588,1.987412,2.012588
478,-0.171818,-0.000156,-0.463423,-0.635397,1.364603,2.635397
479,0.051818,-0.000152,0.524148,0.575813,2.575813,1.424187
480,0.001364,-0.000152,-0.118253,-0.117042,1.882958,2.117042
481,-0.051818,-0.000156,-0.124645,-0.176619,1.823381,2.176619
482,0.057273,-0.000152,0.255682,0.312803,2.312803,1.687197
483,0.060000,-0.000148,0.006392,0.066244,2.066244,1.933756
484,0.100909,-0.000142,0.095881,0.196648,2.196648,1.803352
485,0.002727,-0.000142,-0.230114,-0.227528,1.772472,2.227528
486,0.030000,-0.000140,0.063920,0.093781,2.093781,1.906219
487,-0.045000,-0.000143,-0.175781,-0.220924,1.779076,2.220924
488,0.113182,-0.000135,0.370739,0.483785,2.483785,1.516215
489,-0.024545,-0.000137,-0.322798,-0.347481,1.652519,2.347481
490,0.076364,-0.000132,0.236506,0.312737,2.312737,1.687263
491,-0.010909,-0.000133,-0.204545,-0.215587,1.784413,2.215587
492,-0.159545,-0.000143,-0.348366,-0.508055,1.491945,2.508055
493,-0.032727,-0.000145,0.297230,0.264358,2.264358,1.735642
494,-0.077727,-0.000150,-0.105469,-0.183346,1.816654,2.183346
495,0.068182,-0.000146,0.341974,0.410011,2.410011,1.589989
496,-0.024545,-0.000147,-0.217330,-0.242022,1.757978,2.242022
497,0.023182,-0.000146,0.111861,0.134897,2.134897,1.865103
498,0.006818,-0.000145,-0.038352,-0.031679,1.968321,2.031679
499,-0.051818,-0.000149,-0.137429,-0.189396,1.810604,2.189396
500,-0.008182,-0.000149,0.102273,0.093942,2.093942,1.906058
501,-0.016364,-0.000150,-0.019176,-0.035690,1.964310,2.035690
502,0.049091,-0.000147,0.153409,0.202353,2.202353,1.797647
503,0.055909,-0.000143,0.015980,0.071746,2.071746,1.928254
504,-0.064091,-0.000147,-0.281250,-0.345488,1.654512,2.345488
505,0.118636,-0.000140,0.428267,0.546764,2.546764,1.453236
506,-0.017727,-0.000141,-0.319602,-0.337471,1.662529,2.337471
507,0.028636,-0.000139,0.108665,0.137162,2.137162,1.862838
508,-0.031364,-0.000141,-0.140625,-0.172130,1.827870,2.172130
509,0.009545,-0.000141,0.095881,0.105286,2.105286,1.894714
510,0.034091,-0.000138,0.057528,0.091481,2.091481,1.908519
511,-0.002727,-0.000139,-0.086293,-0.089158,1.910842,2.089158
512,-0.045000,-0.000141,-0.099077,-0.144218,1.855782,2.144218
513,0.024545,-0.000140,0.162997,0.187403,2.187403,1.812597
514,0.006818,-0.000139,-0.041548,-0.034870,1.965130,2.034870
515,-0.024545,-0.000141,-0.073509,-0.098195,1.901805,2.098195
516,0.051818,-0.000138,0.178977,0.230658,2.230658,1.769342
517,-0.035455,-0.000140,-0.204545,-0.240140,1.759860,2.240140
518,-0.070909,-0.000145,-0.083097,-0.154150,1.845850,2.154150
519,-0.021818,-0.000146,0.115057,0.093093,2.093093,1.906907
520,-0.046364,-0.000149,-0.057528,-0.104041,1.895959,2.104041
521,-0.109091,-0.000156,-0.147017,-0.256264,1.743736,2.256264
522,0.016364,-0.000155,0.294034,0.310243,2.310243,1.689757
523,-0.006818,-0.000155,-0.054332,-0.061306,1.938694,2.061306
524,-0.128182,-0.000163,-0.284446,-0.412791,1.587209,2.412791
525,0.111818,-0.000156,0.562500,0.674162,2.674162,1.325838
526,0.028636,-0.000154,-0.194957,-0.166475,1.833525,2.166475
527,-0.070909,-0.000159,-0.233310,-0.304378,1.695622,2.304378
528,0.010909,-0.000158,0.191761,0.202512,2.202512,1.797488
529,0.178636,-0.000147,0.393111,0.571600,2.571600,1.428400
530,0.024545,-0.000145,-0.361151,-0.336750,1.663250,2.336750
531,0.057273,-0.000142,0.076705,0.133836,2.133836,1.866164
532,-0.028636,-0.000143,-0.201349,-0.230129,1.769871,2.230129
533,0.051818,-0.000140,0.188565,0.240243,2.240243,1.759757
534,-0.113182,-0.000147,-0.386719,-0.500048,1.499952,2.500048
535,0.055909,-0.000144,0.396307,0.452072,2.452072,1.547928
536,-0.010909,-0.000145,-0.156605,-0.167659,1.832341,2.167659
537,0.042273,-0.000142,0.124645,0.166776,2.166776,1.833224
538,-0.090000,-0.000148,-0.310014,-0.400162,1.599838,2.400162
539,0.103636,-0.000141,0.453835,0.557331,2.557331,1.442669
540,0.088636,-0.000135,-0.035156,0.053345,2.053345,1.946655
541,-0.080455,-0.000140,-0.396307,-0.476902,1.523098,2.476902
542,0.055909,-0.000137,0.319602,0.375375,2.375375,1.624625
543,-0.040909,-0.000139,-0.226918,-0.267966,1.732034,2.267966
544,0.068182,-0.000135,0.255682,0.323729,2.323729,1.676271
545,0.032727,-0.000133,-0.083097,-0.050502,1.949498,2.050502
546,0.034091,-0.000131,0.003196,0.037156,2.037156,1.962844
547,-0.050455,-0.000134,-0.198153,-0.248742,1.751258,2.248742
548,0.010909,-0.000133,0.143821,0.154597,2.154597,1.845403
549,0.043636,-0.000131,0.076705,0.120210,2.120210,1.879790
550,-0.012273,-0.000131,-0.131037,-0.143441,1.856559,2.143441
551,0.001364,-0.000131,0.031960,0.033193,2.033193,1.966807
552,-0.006818,-0.000132,-0.019176,-0.026126,1.973874,2.026126
553,0.099545,-0.000125,0.249290,0.348710,2.348710,1.651290
554,-0.032727,-0.000127,-0.310014,-0.342869,1.657131,2.342869
555,-0.049091,-0.000131,-0.038352,-0.087574,1.912426,2.087574
556,-0.058636,-0.000134,-0.022372,-0.081143,1.918857,2.081143
557,-0.013636,-0.000135,0.105469,0.091697,2.091697,1.908303
558,0.000000,-0.000135,0.031960,0.031825,2.031825,1.968175
559,0.017727,-0.000134,0.041548,0.059142,2.059142,1.940858
560,-0.098182,-0.000140,-0.271662,-0.369984,1.630016,2.369984
561,0.005455,-0.000140,0.242898,0.248212,2.248212,1.751788
562,0.035455,-0.000138,0.070313,0.105629,2.105629,1.894371
563,-0.027273,-0.000139,-0.147017,-0.174429,1.825571,2.174429
564,-0.064091,-0.000144,-0.086293,-0.150527,1.849473,2.150527
565,-0.002727,-0.000144,0.143821,0.140950,2.140950,1.859050
566,-0.031364,-0.000146,-0.067116,-0.098626,1.901374,2.098626
567,0.054545,-0.000142,0.201349,0.255753,2.255753,1.744247
568,-0.088636,-0.000148,-0.335582,-0.424367,1.575633,2.424367
569,0.004091,-0.000148,0.217330,0.221273,2.221273,1.778727
570,0.053182,-0.000144,0.115057,0.168094,2.168094,1.831906
571,-0.098182,-0.000151,-0.354759,-0.453091,1.546909,2.453091
572,-0.006818,-0.000151,0.214134,0.207164,2.207164,1.792836
573,-0.038182,-0.000153,-0.073509,-0.111844,1.888156,2.111844
574,-0.027273,-0.000155,0.025568,-0.001860,1.998140,2.001860
575,-0.013636,-0.000156,0.031960,0.018168,2.018168,1.981832
576,0.068182,-0.000152,0.191761,0.259792,2.259792,1.740208
577,-0.068182,-0.000156,-0.319602,-0.387940,1.612060,2.387940
578,0.049091,-0.000153,0.274858,0.323796,2.323796,1.676204
579,0.163636,-0.000142,0.268466,0.431960,2.431960,1.568040
580,-0.051818,-0.000146,-0.504972,-0.556936,1.443064,2.556936
581,0.021818,-0.000144,0.172585,0.194259,2.194259,1.805741
582,0.040909,-0.000142,0.044744,0.085512,2.085512,1.914488
583,-0.009545,-0.000142,-0.118253,-0.127941,1.872059,2.127941
584,-0.068182,-0.000147,-0.137429,-0.205758,1.794242,2.205758
585,-0.031364,-0.000149,0.086293,0.054780,2.054780,1.945220
586,0.117273,-0.000141,0.348366,0.465498,2.465498,1.534502
587,-0.113182,-0.000148,-0.540128,-0.653458,1.346542,2.653458
588,-0.004091,-0.000149,0.255682,0.251442,2.251442,1.748558
589,0.070909,-0.000144,0.175781,0.246546,2.246546,1.753454
590,-0.002727,-0.000144,-0.172585,-0.175457,1.824543,2.175457
591,-0.016364,-0.000145,-0.031960,-0.048469,1.951531,2.048469
592,-0.035455,-0.000148,-0.044744,-0.080347,1.919653,2.080347
593,0.076364,-0.000143,0.262074,0.338295,2.338295,1.661705
594,0.081818,-0.000138,0.012784,0.094465,2.094465,1.905535
595,-0.110455,-0.000145,-0.450639,-0.561238,1.438762,2.561238
596,0.031364,-0.000143,0.332386,0.363607,2.363607,1.636393
597,-0.083182,-0.000148,-0.268466,-0.351796,1.648204,2.351796
598,0.073636,-0.000143,0.367543,0.441036,2.441036,1.558964
599,0.038182,-0.000141,-0.083097,-0.045056,1.954944,2.045056
600,0.015000,-0.000140,-0.054332,-0.039472,1.960528,2.039472
601,0.028636,-0.000138,0.031960,0.060459,2.060459,1.939541
602,0.036818,-0.000136,0.019176,0.055859,2.055859,1.944141
603,-0.032727,-0.000138,-0.162997,-0.195862,1.804138,2.195862
604,-0.008182,-0.000138,0.057528,0.049208,2.049208,1.950792
605,0.050455,-0.000135,0.137429,0.187749,2.187749,1.812251
606,-0.145909,-0.000144,-0.460227,-0.606281,1.393719,2.606281
607,-0.034091,-0.000147,0.262074,0.227836,2.227836,1.772164
608,0.013636,-0.000146,0.111861,0.125352,2.125352,1.874648
609,-0.053182,-0.000149,-0.156605,-0.209936,1.790064,2.209936
610,0.057273,-0.000145,0.258878,0.316005,2.316005,1.683995
611,0.013636,-0.000145,-0.102273,-0.088781,1.911219,2.088781
612,0.032727,-0.000142,0.044744,0.077329,2.077329,1.922671
613,0.096818,-0.000136,0.150213,0.246895,2.246895,1.753105
614,0.107727,-0.000129,0.025568,0.133166,2.133166,1.866834
615,-0.109091,-0.000136,-0.508168,-0.617395,1.382605,2.617395
616,0.069545,-0.000132,0.418679,0.488093,2.488093,1.511907
617,0.111818,-0.000125,0.099077,0.210770,2.210770,1.789230
618,0.065455,-0.000121,-0.108665,-0.043331,1.956669,2.043331
619,0.055909,-0.000117,-0.022372,0.033420,2.033420,1.966580
620,0.021818,-0.000116,-0.079901,-0.058198,1.941802,2.058198
621,-0.079091,-0.000121,-0.236506,-0.315717,1.684283,2.315717
622,0.192273,-0.000108,0.636009,0.828173,2.828173,1.171827
640,-0.319091,-0.000129,-1.198509,-1.517728,0.482272,3.517728
641,-0.211364,-0.000142,0.252486,0.040980,2.040980,1.959020
642,-0.154091,-0.000152,0.134233,-0.020010,1.979990,2.020010
643,-0.092727,-0.000158,0.143821,0.050936,2.050936,1.949064
644,-0.113182,-0.000165,-0.047940,-0.161287,1.838713,2.161287
645,-0.043636,-0.000168,0.162997,0.119193,2.119193,1.880807
646,-0.073636,-0.000173,-0.070313,-0.144122,1.855878,2.144122
647,-0.001364,-0.000173,0.169389,0.167853,2.167853,1.832147
648,0.010909,-0.000172,0.028764,0.039501,2.039501,1.960499
649,-0.008182,-0.000173,-0.044744,-0.053099,1.946901,2.053099
650,0.054545,-0.000169,0.147017,0.201393,2.201393,1.798607
651,0.049091,-0.000166,-0.012784,0.036141,2.036141,1.963859
652,0.060000,-0.000162,0.025568,0.085406,2.085406,1.914594
653,0.051818,-0.000159,-0.019176,0.032483,2.032483,1.967517
654,0.150000,-0.000149,0.230114,0.379964,2.379964,1.620036
655,-0.006818,-0.000150,-0.367543,-0.374511,1.625489,2.374511
656,0.205909,-0.000137,0.498580,0.704352,2.704352,1.295648
657,0.016364,-0.000136,-0.444247,-0.428019,1.571981,2.428019
658,0.133636,-0.000127,0.274858,0.408367,2.408367,1.591633
659,0.137727,-0.000118,0.009588,0.147197,2.147197,1.852803
660,0.109091,-0.000111,-0.067116,0.041863,2.041863,1.958137
661,0.079091,-0.000106,-0.070313,0.008672,2.008672,1.991328
662,0.076364,-0.000101,-0.006392,0.069870,2.069870,1.930130
663,0.081818,-0.000096,0.012784,0.094506,2.094506,1.905494
664,0.111818,-0.000089,0.070313,0.182042,2.182042,1.817958
665,0.111818,-0.000082,0.000000,0.111736,2.111736,1.888264
666,-0.065455,-0.000086,-0.415483,-0.481023,1.518977,2.481023
667,0.009545,-0.000085,0.175781,0.185241,2.185241,1.814759
668,0.070909,-0.000081,0.143821,0.214649,2.214649,1.785351
669,0.023182,-0.000079,-0.111861,-0.088758,1.911242,2.088758
670,0.118636,-0.000072,0.223722,0.342286,2.342286,1.657714
671,0.088636,-0.000066,-0.070313,0.018258,2.018258,1.981742
672,0.023182,-0.000064,-0.153409,-0.130292,1.869708,2.130292
673,0.036818,-0.000062,0.031960,0.068716,2.068716,1.931284
674,-0.070909,-0.000067,-0.252486,-0.323462,1.676538,2.323462
675,-0.057273,-0.000070,0.031960,-0.025383,1.974617,2.025383
676,0.040909,-0.000068,0.230114,0.270955,2.270955,1.729045
677,0.060000,-0.000064,0.044744,0.104680,2.104680,1.895320
678,0.016364,-0.000063,-0.102273,-0.085972,1.914028,2.085972
679,-0.030000,-0.000065,-0.108665,-0.138730,1.861270,2.138730
680,-0.013636,-0.000066,0.038352,0.024650,2.024650,1.975350
681,0.025909,-0.000064,0.092685,0.118530,2.118530,1.881470
682,-0.008182,-0.000064,-0.079901,-0.088147,1.911853,2.088147
683,-0.023182,-0.000066,-0.035156,-0.058404,1.941596,2.058404
684,-0.025909,-0.000068,-0.006392,-0.032369,1.967631,2.032369
685,-0.031364,-0.000070,-0.012784,-0.044217,1.955783,2.044217
686,0.028636,-0.000068,0.140625,0.169194,2.169194,1.830806
687,-0.030000,-0.000070,-0.137429,-0.167499,1.832501,2.167499
688,-0.005455,-0.000070,0.057528,0.052004,2.052004,1.947996
689,-0.106364,-0.000077,-0.236506,-0.342946,1.657054,2.342946
690,0.039545,-0.000074,0.341974,0.381446,2.381446,1.618554
691,-0.010909,-0.000075,-0.118253,-0.129237,1.870763,2.129237
692,-0.099545,-0.000081,-0.207741,-0.307368,1.692632,2.307368
693,0.046364,-0.000078,0.341974,0.388260,2.388260,1.611740
694,-0.110455,-0.000086,-0.367543,-0.478083,1.521917,2.478083
695,-0.043636,-0.000088,0.156605,0.112880,2.112880,1.887120
696,-0.002727,-0.000088,0.095881,0.093065,2.093065,1.906935
697,-0.088636,-0.000094,-0.201349,-0.290080,1.709920,2.290080
698,-0.004091,-0.000094,0.198153,0.193968,2.193968,1.806032
699,0.050455,-0.000091,0.127841,0.178204,2.178204,1.821796
700,-0.012273,-0.000092,-0.147017,-0.159382,1.840618,2.159382
701,0.042273,-0.000089,0.127841,0.170024,2.170024,1.829976
702,0.001364,-0.000089,-0.095881,-0.094606,1.905394,2.094606
703,0.036818,-0.000087,0.083097,0.119828,2.119828,1.880172
704,-0.002727,-0.000087,-0.092685,-0.095499,1.904501,2.095499
705,0.004091,-0.000087,0.015980,0.019984,2.019984,1.980016
706,-0.019091,-0.000088,-0.054332,-0.073511,1.926489,2.073511
707,0.038182,-0.000086,0.134233,0.172329,2.172329,1.827671
708,0.107727,-0.000079,0.162997,0.270646,2.270646,1.729354
709,0.043636,-0.000076,-0.150213,-0.106653,1.893347,2.106653
710,0.020455,-0.000075,-0.054332,-0.033952,1.966048,2.033952
711,0.032727,-0.000072,0.028764,0.061419,2.061419,1.938581
712,-0.072273,-0.000077,-0.246094,-0.318444,1.681556,2.318444
713,0.004091,-0.000077,0.178977,0.182991,2.182991,1.817009
714,-0.005455,-0.000077,-0.022372,-0.027904,1.972096,2.027904
715,0.038182,-0.000075,0.102273,0.140380,2.140380,1.859620
716,-0.008182,-0.000075,-0.108665,-0.116922,1.883078,2.116922
717,-0.016364,-0.000076,-0.019176,-0.035616,1.964384,2.035616
718,-0.030000,-0.000078,-0.031960,-0.062038,1.937962,2.062038
719,0.031364,-0.000076,0.143821,0.175108,2.175108,1.824892
720,0.065455,-0.000072,0.079901,0.145283,2.145283,1.854717
721,-0.020455,-0.000073,-0.201349,-0.221877,1.778123,2.221877
722,-0.094091,-0.000079,-0.172585,-0.266755,1.733245,2.266755
723,-0.122727,-0.000087,-0.067116,-0.189931,1.810069,2.189931
724,0.068182,-0.000083,0.447443,0.515542,2.515542,1.484458
725,-0.001364,-0.000083,-0.162997,-0.164444,1.835556,2.164444
726,-0.006818,-0.000083,-0.012784,-0.019686,1.980314,2.019686
727,0.020455,-0.000082,0.063920,0.084293,2.084293,1.915707
728,-0.061364,-0.000086,-0.191761,-0.253211,1.746789,2.253211
729,0.077727,-0.000081,0.325994,0.403641,2.403641,1.596359
730,-0.128182,-0.000089,-0.482599,-0.610870,1.389130,2.610870
731,0.040909,-0.000087,0.396307,0.437129,2.437129,1.562871
732,-0.090000,-0.000092,-0.306818,-0.396911,1.603089,2.396911
733,-0.036818,-0.000095,0.124645,0.087732,2.087732,1.912268
734,0.005455,-0.000094,0.099077,0.104437,2.104437,1.895563
735,0.031364,-0.000092,0.060724,0.091996,2.091996,1.908004
736,0.008182,-0.000092,-0.054332,-0.046242,1.953758,2.046242
737,0.091364,-0.000086,0.194957,0.286235,2.286235,1.713765
738,0.009545,-0.000085,-0.191761,-0.182301,1.817699,2.182301
739,0.055909,-0.000082,0.108665,0.164492,2.164492,1.835508
740,-0.069545,-0.000086,-0.294034,-0.363666,1.636334,2.363666
741,0.080455,-0.000081,0.351563,0.431936,2.431936,1.568064
742,0.122727,-0.000073,0.099077,0.221731,2.221731,1.778269
743,-0.015000,-0.000074,-0.322798,-0.337872,1.662128,2.337872
744,-0.053182,-0.000078,-0.089489,-0.142748,1.857252,2.142748
745,0.035455,-0.000075,0.207741,0.243121,2.243121,1.756879
746,0.004091,-0.000075,-0.073509,-0.069493,1.930507,2.069493
747,-0.035455,-0.000077,-0.092685,-0.128217,1.871783,2.128217
748,0.004091,-0.000077,0.092685,0.096699,2.096699,1.903301
749,0.006818,-0.000077,0.006392,0.013134,2.013134,1.986866
750,-0.121364,-0.000084,-0.300426,-0.421874,1.578126,2.421874
751,0.032727,-0.000082,0.361151,0.393796,2.393796,1.606204
752,0.017727,-0.000081,-0.035156,-0.017510,1.982490,2.017510
753,0.025909,-0.000080,0.019176,0.045006,2.045006,1.954994
754,-0.055909,-0.000083,-0.191761,-0.247754,1.752246,2.247754
755,-0.046364,-0.000086,0.022372,-0.024078,1.975922,2.024078
756,0.005455,-0.000086,0.121449,0.126818,2.126818,1.873182
757,0.088636,-0.000080,0.194957,0.283514,2.283514,1.716486
758,0.025909,-0.000078,-0.147017,-0.121186,1.878814,2.121186
759,-0.054545,-0.000082,-0.188565,-0.243193,1.756807,2.243193
760,0.002727,-0.000082,0.134233,0.136879,2.136879,1.863121
761,-0.009545,-0.000082,-0.028764,-0.038392,1.961608,2.038392
762,-0.019091,-0.000084,-0.022372,-0.041547,1.958453,2.041547
763,-0.017727,-0.000085,0.003196,-0.014616,1.985384,2.014616
764,0.066818,-0.000080,0.198153,0.264891,2.264891,1.735109
765,0.035455,-0.000078,-0.073509,-0.038132,1.961868,2.038132
766,0.073636,-0.000073,0.089489,0.163052,2.163052,1.836948
767,0.024545,-0.000072,-0.115057,-0.090583,1.909417,2.090583
768,0.008182,-0.000071,-0.038352,-0.030242,1.969758,2.030242
769,-0.040909,-0.000074,-0.115057,-0.156040,1.843960,2.156040
770,-0.091364,-0.000080,-0.118253,-0.209696,1.790304,2.209696
771,0.001364,-0.000080,0.217330,0.218614,2.218614,1.781386
772,0.021818,-0.000078,0.047940,0.069680,2.069680,1.930320
773,0.070909,-0.000074,0.115057,0.185892,2.185892,1.814108
774,-0.109091,-0.000081,-0.421875,-0.531047,1.468953,2.531047
775,-0.030000,-0.000083,0.185369,0.155287,2.155287,1.844713
776,-0.010909,-0.000083,0.044744,0.033752,2.033752,1.966248
777,-0.054545,-0.000087,-0.102273,-0.156905,1.843095,2.156905
778,0.088636,-0.000081,0.335582,0.424138,2.424138,1.575862
779,0.005455,-0.000081,-0.194957,-0.189584,1.810416,2.189584
780,-0.010909,-0.000082,-0.038352,-0.049343,1.950657,2.049343
781,0.020455,-0.000080,0.073509,0.093883,2.093883,1.906117
782,-0.031364,-0.000082,-0.121449,-0.152895,1.847105,2.152895
783,-0.088636,-0.000088,-0.134233,-0.222957,1.777043,2.222957
784,0.001364,-0.000088,0.210938,0.212213,2.212213,1.787787
785,0.051818,-0.000084,0.118253,0.169987,2.169987,1.830013
786,-0.064091,-0.000089,-0.271662,-0.335841,1.664159,2.335841
787,0.115909,-0.000081,0.421875,0.537703,2.537703,1.462297
788,-0.031364,-0.000083,-0.345170,-0.376617,1.623383,2.376617
789,-0.002727,-0.000083,0.067116,0.064306,2.064306,1.935694
790,-0.070909,-0.000088,-0.159801,-0.230798,1.769202,2.230798
791,-0.027273,-0.000090,0.102273,0.074910,2.074910,1.925090
792,0.096818,-0.000083,0.290838,0.387573,2.387573,1.612427
793,0.004091,-0.000083,-0.217330,-0.213322,1.786678,2.213322
794,-0.001364,-0.000083,-0.012784,-0.014231,1.985769,2.014231
795,0.064091,-0.000079,0.153409,0.217421,2.217421,1.782579
796,0.001364,-0.000079,-0.147017,-0.145732,1.854268,2.145732
797,0.023182,-0.000078,0.051136,0.074241,2.074241,1.925759
798,-0.036818,-0.000080,-0.140625,-0.177523,1.822477,2.177523
799,0.040909,-0.000077,0.182173,0.223005,2.223005,1.776995
800,-0.049091,-0.000080,-0.210938,-0.260109,1.739891,2.260109
801,0.049091,-0.000077,0.230114,0.279127,2.279127,1.720873
802,-0.102273,-0.000084,-0.354759,-0.457115,1.542885,2.457115
803,-0.016364,-0.000085,0.201349,0.184901,2.184901,1.815099
804,-0.009545,-0.000086,0.015980,0.006349,2.006349,1.993651
805,0.036818,-0.000083,0.108665,0.145400,2.145400,1.854600
806,0.024545,-0.000082,-0.028764,-0.004300,1.995700,2.004300
807,0.091364,-0.000076,0.156605,0.247893,2.247893,1.752107
808,0.017727,-0.000075,-0.172585,-0.154933,1.845067,2.154933
809,0.064091,-0.000071,0.108665,0.172685,2.172685,1.827315
810,0.031364,-0.000069,-0.076705,-0.045409,1.954591,2.045409
811,-0.065455,-0.000073,-0.226918,-0.292445,1.707555,2.292445
812,0.054545,-0.000069,0.281250,0.335726,2.335726,1.664274
813,0.046364,-0.000066,-0.019176,0.027121,2.027121,1.972879
814,-0.040909,-0.000069,-0.204545,-0.245523,1.754477,2.245523
815,-0.139091,-0.000078,-0.230114,-0.369282,1.630718,2.369282
816,-0.076364,-0.000083,0.147017,0.070571,2.070571,1.929429
817,-0.019091,-0.000084,0.134233,0.115058,2.115058,1.884942
818,0.072273,-0.000079,0.214134,0.286327,2.286327,1.713673
819,0.070909,-0.000075,-0.003196,0.067638,2.067638,1.932362
820,-0.021818,-0.000076,-0.217330,-0.239224,1.760776,2.239224
821,0.049091,-0.000073,0.166193,0.215211,2.215211,1.784789
822,0.042273,-0.000070,-0.015980,0.026222,2.026222,1.973778
823,0.120000,-0.000063,0.182173,0.302111,2.302111,1.697889
824,-0.030000,-0.000064,-0.351563,-0.381627,1.618373,2.381627
825,0.073636,-0.000060,0.242898,0.316474,2.316474,1.683526
826,-0.025909,-0.000061,-0.233310,-0.259280,1.740720,2.259280
827,-0.035455,-0.000064,-0.022372,-0.057890,1.942110,2.057890
828,0.079091,-0.000059,0.268466,0.347498,2.347498,1.652502
846,-0.285000,-0.000077,-0.853338,-1.138415,0.861585,3.138415
847,-0.316364,-0.000097,-0.073509,-0.389969,1.610031,2.389969
848,-0.267273,-0.000114,0.115057,-0.152330,1.847670,2.152330
849,-0.147273,-0.000124,0.281250,0.133854,2.133854,1.866146
850,-0.145909,-0.000133,0.003196,-0.142846,1.857154,2.142846
851,-0.050455,-0.000136,0.223722,0.173131,2.173131,1.826869
852,0.099545,-0.000130,0.351563,0.450978,2.450978,1.549022
853,-0.088636,-0.000136,-0.441051,-0.529823,1.470177,2.529823
854,0.069545,-0.000131,0.370739,0.440153,2.440153,1.559847
855,0.070909,-0.000127,0.003196,0.073979,2.073979,1.926021
856,0.055909,-0.000123,-0.035156,0.020630,2.020630,1.979370
857,0.036818,-0.000121,-0.044744,-0.008047,1.991953,2.008047
858,0.079091,-0.000116,0.099077,0.178052,2.178052,1.821948
859,0.072273,-0.000111,-0.015980,0.056182,2.056182,1.943818
860,0.095455,-0.000105,0.054332,0.149682,2.149682,1.850318
861,0.124091,-0.000097,0.067116,0.191111,2.191111,1.808889
862,0.241364,-0.000081,0.274858,0.516140,2.516140,1.483860
863,0.042273,-0.000079,-0.466619,-0.424425,1.575575,2.424425
864,0.088636,-0.000073,0.108665,0.197228,2.197228,1.802772
865,0.135000,-0.000064,0.108665,0.243600,2.243600,1.756400
866,0.069545,-0.000060,-0.153409,-0.083924,1.916076,2.083924
867,0.170455,-0.000049,0.236506,0.406911,2.406911,1.593089
868,0.186818,-0.000037,0.038352,0.225133,2.225133,1.774867
869,0.103636,-0.000030,-0.194957,-0.091351,1.908649,2.091351
870,0.118636,-0.000023,0.035156,0.153770,2.153770,1.846230
871,0.115909,-0.000015,-0.006392,0.109502,2.109502,1.890498
872,0.045000,-0.000013,-0.166193,-0.121206,1.878794,2.121206
873,0.081818,-0.000007,0.086293,0.168103,2.168103,1.831897
874,0.141818,0.000002,0.140625,0.282445,2.282445,1.717555
875,-0.095455,-0.000004,-0.556108,-0.651567,1.348433,2.651567
876,0.079091,0.000001,0.409091,0.488183,2.488183,1.511817
877,0.080455,0.000006,0.003196,0.083656,2.083656,1.916344
878,-0.046364,0.000003,-0.297230,-0.343591,1.656409,2.343591
879,-0.008182,0.000002,0.089489,0.081309,2.081309,1.918691
880,0.042273,0.000005,0.118253,0.160531,2.160531,1.839469
881,-0.091364,-0.000001,-0.313210,-0.404575,1.595425,2.404575
882,0.025909,0.000001,0.274858,0.300768,2.300768,1.699232
883,0.010909,0.000002,-0.035156,-0.024246,1.975754,2.024246
884,0.002727,0.000002,-0.019176,-0.016447,1.983553,2.016447
885,-0.090000,-0.000004,-0.217330,-0.307334,1.692666,2.307334
886,-0.098182,-0.000010,-0.019176,-0.117368,1.882632,2.117368
887,-0.170455,-0.000021,-0.169389,-0.339865,1.660135,2.339865
888,0.016364,-0.000020,0.437855,0.454199,2.454199,1.545801
889,-0.081818,-0.000025,-0.230114,-0.311957,1.688043,2.311957
890,0.064091,-0.000021,0.341974,0.406044,2.406044,1.593956
891,-0.047727,-0.000024,-0.262074,-0.309825,1.690175,2.309825
892,0.049091,-0.000021,0.226918,0.275987,2.275987,1.724013
893,-0.073636,-0.000026,-0.287642,-0.361304,1.638696,2.361304
894,0.000000,-0.000026,0.172585,0.172559,2.172559,1.827441
895,0.091364,-0.000020,0.214134,0.305477,2.305477,1.694523
896,-0.021818,-0.000021,-0.265270,-0.287110,1.712890,2.287110
897,0.015000,-0.000021,0.086293,0.101272,2.101272,1.898728
898,-0.005455,-0.000021,-0.047940,-0.053416,1.946584,2.053416
899,-0.107727,-0.000028,-0.239702,-0.347457,1.652543,2.347457
900,-0.016364,-0.000029,0.214134,0.197741,2.197741,1.802259
901,-0.032727,-0.000031,-0.038352,-0.071110,1.928890,2.071110
902,0.019091,-0.000030,0.121449,0.140510,2.140510,1.859490
903,-0.040909,-0.000032,-0.140625,-0.181566,1.818434,2.181566
904,0.054545,-0.000029,0.223722,0.278238,2.278238,1.721762
905,0.004091,-0.000029,-0.118253,-0.114190,1.885810,2.114190
906,0.020455,-0.000027,0.038352,0.058780,2.058780,1.941220
907,-0.023182,-0.000029,-0.102273,-0.125483,1.874517,2.125483
908,0.083182,-0.000023,0.249290,0.332448,2.332448,1.667552
909,-0.055909,-0.000027,-0.325994,-0.381930,1.618070,2.381930
910,0.050455,-0.000024,0.249290,0.299721,2.299721,1.700279
911,-0.023182,-0.000025,-0.172585,-0.195792,1.804208,2.195792
912,-0.076364,-0.000030,-0.124645,-0.201039,1.798961,2.201039
913,-0.006818,-0.000031,0.162997,0.156148,2.156148,1.843852
914,-0.064091,-0.000035,-0.134233,-0.198359,1.801641,2.198359
915,0.049091,-0.000032,0.265270,0.314329,2.314329,1.685671
916,-0.025909,-0.000033,-0.175781,-0.201724,1.798276,2.201724
917,0.045000,-0.000030,0.166193,0.211163,2.211163,1.788837
918,0.064091,-0.000026,0.044744,0.108809,2.108809,1.891191
919,-0.008182,-0.000027,-0.169389,-0.177598,1.822402,2.177598
920,0.039545,-0.000024,0.111861,0.151382,2.151382,1.848618
921,-0.008182,-0.000025,-0.111861,-0.120067,1.879933,2.120067
922,0.088636,-0.000019,0.226918,0.315535,2.315535,1.684465
923,0.010909,-0.000018,-0.182173,-0.171283,1.828717,2.171283
924,0.010909,-0.000018,0.000000,0.010891,2.010891,1.989109
925,-0.055909,-0.000021,-0.156605,-0.212535,1.787465,2.212535
926,0.051818,-0.000018,0.252486,0.304286,2.304286,1.695714
927,0.055909,-0.000014,0.009588,0.065483,2.065483,1.934517
928,-0.009545,-0.000015,-0.153409,-0.162969,1.837031,2.162969
929,0.023182,-0.000013,0.076705,0.099873,2.099873,1.900127
930,0.028636,-0.000012,0.012784,0.041409,2.041409,1.958591
931,-0.040909,-0.000014,-0.162997,-0.203920,1.796080,2.203920
932,0.039545,-0.000012,0.188565,0.228099,2.228099,1.771901
933,-0.005455,-0.000012,-0.105469,-0.110935,1.889065,2.110935
934,0.005455,-0.000012,0.025568,0.031011,2.031011,1.968989
935,-0.039545,-0.000014,-0.105469,-0.145028,1.854972,2.145028
936,0.035455,-0.000012,0.175781,0.211224,2.211224,1.788776
937,0.058636,-0.000008,0.054332,0.112961,2.112961,1.887039
938,-0.049091,-0.000011,-0.252486,-0.301588,1.698412,2.301588
939,-0.115909,-0.000019,-0.156605,-0.272533,1.727467,2.272533
940,0.057273,-0.000015,0.405895,0.463153,2.463153,1.536847
941,0.000000,-0.000015,-0.134233,-0.134248,1.865752,2.134248
942,-0.005455,-0.000015,-0.012784,-0.018254,1.981746,2.018254
943,-0.094091,-0.000021,-0.207741,-0.301854,1.698146,2.301854
944,0.043636,-0.000019,0.322798,0.366416,2.366416,1.633584
945,0.064091,-0.000015,0.047940,0.112017,2.112017,1.887983
946,-0.064091,-0.000019,-0.300426,-0.364536,1.635464,2.364536
947,-0.005455,-0.000019,0.137429,0.131955,2.131955,1.868045
948,0.015000,-0.000018,0.047940,0.062922,2.062922,1.937078
949,-0.009545,-0.000019,-0.057528,-0.067093,1.932907,2.067093
950,-0.065455,-0.000023,-0.131037,-0.196514,1.803486,2.196514
951,-0.019091,-0.000024,0.108665,0.089550,2.089550,1.910450
952,0.005455,-0.000024,0.057528,0.062959,2.062959,1.937041
953,-0.005455,-0.000024,-0.025568,-0.031047,1.968953,2.031047
954,-0.030000,-0.000026,-0.057528,-0.087554,1.912446,2.087554
955,-0.070909,-0.000031,-0.095881,-0.166820,1.833180,2.166820
956,-0.023182,-0.000032,0.111861,0.088647,2.088647,1.911353
957,-0.001364,-0.000032,0.051136,0.049741,2.049741,1.950259
958,-0.009545,-0.000033,-0.019176,-0.028754,1.971246,2.028754
959,0.045000,-0.000030,0.127841,0.172811,2.172811,1.827189
960,-0.012273,-0.000031,-0.134233,-0.146536,1.853464,2.146536
961,-0.027273,-0.000032,-0.035156,-0.062461,1.937539,2.062461
962,0.015000,-0.000031,0.099077,0.114045,2.114045,1.885955
963,0.036818,-0.000029,0.051136,0.087925,2.087925,1.912075
964,-0.023182,-0.000031,-0.140625,-0.163837,1.836163,2.163837
965,0.027273,-0.000029,0.118253,0.145497,2.145497,1.854503
966,-0.090000,-0.000035,-0.274858,-0.364893,1.635107,2.364893
967,0.005455,-0.000034,0.223722,0.229142,2.229142,1.770858
968,0.065455,-0.000030,0.140625,0.206050,2.206050,1.793950
969,-0.058636,-0.000034,-0.290838,-0.349508,1.650492,2.349508
970,0.118636,-0.000026,0.415483,0.534093,2.534093,1.465907
971,0.031364,-0.000024,-0.204545,-0.173206,1.826794,2.173206
972,0.135000,-0.000016,0.242898,0.377882,2.377882,1.622118
973,-0.049091,-0.000019,-0.431463,-0.480573,1.519427,2.480573
974,-0.017727,-0.000020,0.073509,0.055761,2.055761,1.944239
975,0.024545,-0.000018,0.099077,0.123604,2.123604,1.876396
976,-0.058636,-0.000022,-0.194957,-0.253616,1.746384,2.253616
977,0.000000,-0.000022,0.137429,0.137407,2.137407,1.862593
978,0.015000,-0.000021,0.035156,0.050135,2.050135,1.949865
979,0.049091,-0.000018,0.079901,0.128974,2.128974,1.871026
980,-0.024545,-0.000019,-0.172585,-0.197150,1.802850,2.197150
981,-0.068182,-0.000024,-0.102273,-0.170478,1.829522,2.170478
982,0.073636,-0.000019,0.332386,0.406004,2.406004,1.593996
983,0.079091,-0.000014,0.012784,0.091861,2.091861,1.908139
984,-0.054545,-0.000018,-0.313210,-0.367773,1.632227,2.367773
985,-0.045000,-0.000020,0.022372,-0.022648,1.977352,2.022648
986,0.038182,-0.000018,0.194957,0.233121,2.233121,1.766879
987,-0.096818,-0.000024,-0.316406,-0.413249,1.586751,2.413249
988,-0.024545,-0.000026,0.169389,0.144818,2.144818,1.855182
989,-0.034091,-0.000028,-0.022372,-0.056491,1.943509,2.056491
990,-0.051818,-0.000031,-0.041548,-0.093398,1.906602,2.093398
991,0.020455,-0.000030,0.169389,0.189814,2.189814,1.810186
992,0.126818,-0.000022,0.249290,0.376086,2.376086,1.623914
993,-0.043636,-0.000025,-0.399503,-0.443164,1.556836,2.443164
994,0.055909,-0.000021,0.233310,0.289198,2.289198,1.710802
995,-0.002727,-0.000021,-0.137429,-0.140177,1.859823,2.140177
996,-0.060000,-0.000025,-0.134233,-0.194258,1.805742,2.194258
997,0.046364,-0.000022,0.249290,0.295631,2.295631,1.704369
998,0.009545,-0.000021,-0.086293,-0.076769,1.923231,2.076769
999,-0.050455,-0.000025,-0.140625,-0.191104,1.808896,2.191104
1000,-0.001364,-0.000025,0.115057,0.113668,2.113668,1.886332
1001,-0.009545,-0.000025,-0.019176,-0.028747,1.971253,2.028747
1002,0.023182,-0.000024,0.076705,0.099862,2.099862,1.900138
1003,-0.057273,-0.000028,-0.188565,-0.245866,1.754134,2.245866
1004,-0.047727,-0.000031,0.022372,-0.025386,1.974614,2.025386
1005,-0.039545,-0.000033,0.019176,-0.020402,1.979598,2.020402
1006,0.020455,-0.000032,0.140625,0.161048,2.161048,1.838952
1007,0.043636,-0.000029,0.054332,0.097940,2.097940,1.902060
1008,-0.017727,-0.000030,-0.143821,-0.161578,1.838422,2.161578
1009,0.013636,-0.000029,0.073509,0.087116,2.087116,1.912884
1010,0.027273,-0.000028,0.031960,0.059205,2.059205,1.940795
1011,0.001364,-0.000027,-0.060724,-0.059388,1.940612,2.059388
1012,0.058636,-0.000024,0.134233,0.192846,2.192846,1.807154
1013,0.087273,-0.000018,0.067116,0.154371,2.154371,1.845629
1014,-0.028636,-0.000020,-0.271662,-0.300318,1.699682,2.300318
1015,0.010909,-0.000019,0.092685,0.103574,2.103574,1.896426
1016,0.025909,-0.000018,0.035156,0.061048,2.061048,1.938952
1017,-0.002727,-0.000018,-0.067116,-0.069862,1.930138,2.069862
1018,-0.099545,-0.000024,-0.226918,-0.326487,1.673513,2.326487
1019,-0.120000,-0.000032,-0.047940,-0.167972,1.832028,2.167972
1020,0.040909,-0.000029,0.377131,0.418011,2.418011,1.581989
1021,-0.096818,-0.000035,-0.322798,-0.419652,1.580348,2.419652
1022,-0.028636,-0.000037,0.159801,0.131128,2.131128,1.868872
1023,0.057273,-0.000034,0.201349,0.258589,2.258589,1.741411
1024,-0.021818,-0.000035,-0.185369,-0.207222,1.792778,2.207222
1025,0.061364,-0.000031,0.194957,0.256290,2.256290,1.743710
1026,0.043636,-0.000028,-0.041548,0.002060,2.002060,1.997940
1027,-0.002727,-0.000028,-0.108665,-0.111420,1.888580,2.111420
1028,0.053182,-0.000025,0.131037,0.184194,2.184194,1.815806
1029,0.021818,-0.000024,-0.073509,-0.051714,1.948286,2.051714
1030,0.028636,-0.000022,0.015980,0.044595,2.044595,1.955405
1031,0.087273,-0.000016,0.137429,0.224685,2.224685,1.775315
1032,0.019091,-0.000015,-0.159801,-0.140725,1.859275,2.140725
1033,-0.028636,-0.000017,-0.111861,-0.140514,1.859486,2.140514
1034,-0.105000,-0.000024,-0.178977,-0.284001,1.715999,2.284001
1035,0.065455,-0.000019,0.399503,0.464938,2.464938,1.535062
1036,-0.039545,-0.000022,-0.246094,-0.285661,1.714339,2.285661
1037,0.032727,-0.000020,0.169389,0.202097,2.202097,1.797903
1038,0.064091,-0.000016,0.073509,0.137584,2.137584,1.862416
1039,-0.051818,-0.000019,-0.271662,-0.323499,1.676501,2.323499
1040,-0.009545,-0.000020,0.099077,0.089512,2.089512,1.910488
1041,-0.031364,-0.000022,-0.051136,-0.082522,1.917478,2.082522
1042,0.036818,-0.000019,0.159801,0.196600,2.196600,1.803400
1043,0.019091,-0.000018,-0.041548,-0.022475,1.977525,2.022475
1044,0.000000,-0.000018,-0.044744,-0.044762,1.955238,2.044762
1045,0.120000,-0.000010,0.281250,0.401240,2.401240,1.598760
1046,-0.100909,-0.000017,-0.517756,-0.618682,1.381318,2.618682
1047,0.034091,-0.000015,0.316406,0.350482,2.350482,1.649518
1048,0.046364,-0.000012,0.028764,0.075116,2.075116,1.924884
1049,-0.031364,-0.000014,-0.182173,-0.213551,1.786449,2.213551
1050,-0.110455,-0.000021,-0.185369,-0.295845,1.704155,2.295845
1051,0.023182,-0.000019,0.313210,0.336373,2.336373,1.663627
1052,0.034091,-0.000017,0.025568,0.059642,2.059642,1.940358
1053,0.060000,-0.000013,0.060724,0.120711,2.120711,1.879289
1054,0.005455,-0.000013,-0.127841,-0.122399,1.877601,2.122399
1055,-0.085909,-0.000018,-0.214134,-0.300061,1.699939,2.300061
1056,-0.045000,-0.000021,0.095881,0.050859,2.050859,1.949141
1057,-0.051818,-0.000025,-0.015980,-0.067823,1.932177,2.067823
1058,0.066818,-0.000020,0.278054,0.344852,2.344852,1.655148
1059,0.031364,-0.000018,-0.083097,-0.051751,1.948249,2.051751
1060,-0.064091,-0.000022,-0.223722,-0.287835,1.712165,2.287835
1061,0.132273,-0.000014,0.460227,0.592486,2.592486,1.407514
1062,-0.064091,-0.000018,-0.460227,-0.524336,1.475664,2.524336
1063,-0.081818,-0.000023,-0.041548,-0.123390,1.876610,2.123390
1064,-0.002727,-0.000023,0.185369,0.182619,2.182619,1.817381
1065,-0.066818,-0.000028,-0.150213,-0.217059,1.782941,2.217059
1066,0.031364,-0.000026,0.230114,0.261452,2.261452,1.738548
1067,-0.019091,-0.000027,-0.118253,-0.137371,1.862629,2.137371
1068,-0.023182,-0.000028,-0.009588,-0.032798,1.967202,2.032798
1069,-0.038182,-0.000031,-0.035156,-0.073369,1.926631,2.073369
1070,-0.120000,-0.000039,-0.191761,-0.311800,1.688200,2.311800
1071,0.106364,-0.000032,0.530540,0.636872,2.636872,1.363128
1072,-0.027273,-0.000034,-0.313210,-0.340516,1.659484,2.340516
1073,-0.032727,-0.000036,-0.012784,-0.045547,1.954453,2.045547
1074,-0.023182,-0.000037,0.022372,-0.000847,1.999153,2.000847
1075,0.095455,-0.000031,0.278054,0.373478,2.373478,1.626522
1076,-0.016364,-0.000032,-0.262074,-0.278470,1.721530,2.278470
1077,-0.020455,-0.000033,-0.009588,-0.030076,1.969924,2.030076
1078,-0.061364,-0.000037,-0.095881,-0.157282,1.842718,2.157282
1079,0.036818,-0.000035,0.230114,0.266897,2.266897,1.733103
1080,0.088636,-0.000029,0.121449,0.210056,2.210056,1.789944
1081,0.073636,-0.000025,-0.035156,0.038456,2.038456,1.961544
1082,0.030000,-0.000023,-0.102273,-0.072295,1.927705,2.072295
1083,-0.034091,-0.000025,-0.150213,-0.184329,1.815671,2.184329
1084,-0.090000,-0.000031,-0.131037,-0.221067,1.778933,2.221067
1085,0.090000,-0.000025,0.421875,0.511850,2.511850,1.488150
1086,-0.009545,-0.000025,-0.233310,-0.242881,1.757119,2.242881
1087,-0.054545,-0.000029,-0.105469,-0.160043,1.839957,2.160043
1088,0.015000,-0.000028,0.162997,0.177969,2.177969,1.822031
1089,-0.005455,-0.000028,-0.047940,-0.053423,1.946577,2.053423
1090,-0.055909,-0.000032,-0.118253,-0.174194,1.825806,2.174194
1091,0.113182,-0.000025,0.396307,0.509464,2.509464,1.490536
1092,0.070909,-0.000020,-0.099077,-0.028188,1.971812,2.028188
1093,0.143182,-0.000011,0.169389,0.312560,2.312560,1.687440
1094,0.000000,-0.000011,-0.335582,-0.335593,1.664407,2.335593
1095,0.000000,-0.000011,0.000000,-0.000011,1.999989,2.000011
1096,0.077727,-0.000006,0.182173,0.259895,2.259895,1.740105
1097,-0.043636,-0.000009,-0.284446,-0.328091,1.671909,2.328091
1098,0.015000,-0.000008,0.137429,0.152421,2.152421,1.847579
1099,-0.069545,-0.000012,-0.198153,-0.267711,1.732289,2.267711
1100,0.009545,-0.000012,0.185369,0.194903,2.194903,1.805097
1101,0.049091,-0.000008,0.092685,0.141767,2.141767,1.858233
1102,-0.032727,-0.000011,-0.191761,-0.224499,1.775501,2.224499
1103,0.038182,-0.000008,0.166193,0.204367,2.204367,1.795633
1104,0.051818,-0.000005,0.031960,0.083774,2.083774,1.916226
1105,-0.040909,-0.000007,-0.217330,-0.258246,1.741754,2.258246
1106,-0.051818,-0.000011,-0.025568,-0.077397,1.922603,2.077397
1107,0.098182,-0.000004,0.351563,0.449740,2.449740,1.550260
1108,-0.020455,-0.000006,-0.278054,-0.298514,1.701486,2.298514
1109,0.085909,-0.000000,0.249290,0.335199,2.335199,1.664801
1110,0.051818,0.000003,-0.079901,-0.028079,1.971921,2.028079
1111,0.035455,0.000005,-0.038352,-0.002892,1.997108,2.002892
1112,0.005455,0.000006,-0.070313,-0.064852,1.935148,2.064852
1130,-0.272727,-0.000012,-0.651989,-0.924728,1.075272,2.924728
1131,-0.160909,-0.000022,0.262074,0.101143,2.101143,1.898857
1132,-0.124091,-0.000030,0.086293,-0.037828,1.962172,2.037828
1133,-0.195000,-0.000043,-0.166193,-0.361236,1.638764,2.361236
1134,-0.199091,-0.000055,-0.009588,-0.208734,1.791266,2.208734
1135,-0.087273,-0.000061,0.262074,0.174740,2.174740,1.825260
1136,0.043636,-0.000058,0.306818,0.350397,2.350397,1.649603
1137,0.049091,-0.000055,0.012784,0.061820,2.061820,1.938180
1138,0.039545,-0.000052,-0.022372,0.017121,2.017121,1.982879
1139,0.028636,-0.000051,-0.025568,0.003018,2.003018,1.996982
1140,-0.042273,-0.000053,-0.166193,-0.208519,1.791481,2.208519
1141,0.054545,-0.000050,0.226918,0.281413,2.281413,1.718587
1142,-0.025909,-0.000051,-0.188565,-0.214526,1.785474,2.214526
1143,0.066818,-0.000047,0.217330,0.284101,2.284101,1.715899
1144,0.196364,-0.000035,0.303622,0.499951,2.499951,1.500049
1145,0.060000,-0.000031,-0.319602,-0.259633,1.740367,2.259633
1146,0.068182,-0.000026,0.019176,0.087332,2.087332,1.912668
1147,0.143182,-0.000017,0.175781,0.318946,2.318946,1.681054
1148,0.148636,-0.000008,0.012784,0.161413,2.161413,1.838587
1149,0.133636,0.000001,-0.035156,0.098481,2.098481,1.901519
1150,0.129545,0.000009,-0.009588,0.119967,2.119967,1.880033
1151,0.107727,0.000016,-0.051136,0.056607,2.056607,1.943393
1152,0.030000,0.000018,-0.182173,-0.152155,1.847845,2.152155
1153,0.178636,0.000029,0.348366,0.527032,2.527032,1.472968
1154,0.027273,0.000031,-0.354759,-0.327455,1.672545,2.327455
1155,0.133636,0.000040,0.249290,0.382966,2.382966,1.617034
1156,0.038182,0.000042,-0.223722,-0.185498,1.814502,2.185498
1157,-0.031364,0.000040,-0.162997,-0.194321,1.805679,2.194321
1158,0.100909,0.000047,0.310014,0.410970,2.410970,1.589030
1159,0.066818,0.000051,-0.079901,-0.013032,1.986968,2.013032
1160,0.016364,0.000052,-0.118253,-0.101837,1.898163,2.101837
1161,-0.027273,0.000050,-0.102273,-0.129495,1.870505,2.129495
1162,0.053182,0.000054,0.188565,0.241801,2.241801,1.758199
1163,-0.025909,0.000052,-0.185369,-0.211226,1.788774,2.211226
1164,0.121364,0.000060,0.345170,0.466594,2.466594,1.533406
1165,-0.061364,0.000056,-0.428267,-0.489575,1.510425,2.489575
1166,0.004091,0.000056,0.153409,0.157556,2.157556,1.842444
1167,-0.049091,0.000053,-0.124645,-0.173683,1.826317,2.173683
1168,0.069545,0.000057,0.278054,0.347657,2.347657,1.652343
1169,-0.081818,0.000052,-0.354759,-0.436525,1.563475,2.436525
1170,0.047727,0.000055,0.303622,0.351405,2.351405,1.648595
1171,0.070909,0.000060,0.054332,0.125301,2.125301,1.874699
1172,-0.100909,0.000053,-0.402699,-0.503555,1.496445,2.503555
1173,0.081818,0.000058,0.428267,0.510144,2.510144,1.489856
1174,-0.132273,0.000050,-0.501776,-0.633998,1.366002,2.633998
1175,0.038182,0.000052,0.399503,0.437737,2.437737,1.562263
1176,-0.032727,0.000050,-0.166193,-0.198870,1.801130,2.198870
1177,-0.080455,0.000045,-0.111861,-0.192270,1.807730,2.192270
1178,0.009545,0.000046,0.210938,0.220529,2.220529,1.779471
1179,-0.068182,0.000041,-0.182173,-0.250314,1.749686,2.250314
1180,0.036818,0.000044,0.246094,0.282956,2.282956,1.717044
1181,-0.151364,0.000034,-0.441051,-0.592381,1.407619,2.592381
1182,0.040909,0.000037,0.450639,0.491585,2.491585,1.508415
1183,-0.066818,0.000032,-0.252486,-0.319272,1.680728,2.319272
1184,-0.062727,0.000028,0.009588,-0.053111,1.946889,2.053111
1185,-0.010909,0.000028,0.121449,0.110568,2.110568,1.889432
1186,0.021818,0.000029,0.076705,0.098552,2.098552,1.901448
1187,0.030000,0.000031,0.019176,0.049207,2.049207,1.950793
1188,-0.039545,0.000029,-0.162997,-0.202514,1.797486,2.202514
1189,0.079091,0.000034,0.278054,0.357178,2.357178,1.642822
1190,-0.113182,0.000026,-0.450639,-0.563795,1.436205,2.563795
1191,0.000000,0.000026,0.265270,0.265296,2.265296,1.734704
1192,-0.013636,0.000025,-0.031960,-0.045571,1.954429,2.045571
1193,-0.047727,0.000022,-0.079901,-0.127605,1.872395,2.127605
1194,0.095455,0.000029,0.335582,0.431065,2.431065,1.568935
1195,-0.027273,0.000027,-0.287642,-0.314888,1.685112,2.314888
1196,0.004091,0.000027,0.073509,0.077626,2.077626,1.922374
1197,-0.015000,0.000026,-0.044744,-0.059718,1.940282,2.059718
1198,-0.015000,0.000025,0.000000,-0.014975,1.985025,2.014975
1199,0.024545,0.000027,0.092685,0.117257,2.117257,1.882743
1200,0.004091,0.000027,-0.047940,-0.043822,1.956178,2.043822
1201,0.030000,0.000029,0.060724,0.090753,2.090753,1.909247
1202,0.001364,0.000029,-0.067116,-0.065724,1.934276,2.065724
1203,0.057273,0.000033,0.131037,0.188342,2.188342,1.811658
1204,0.084545,0.000038,0.063920,0.148504,2.148504,1.851496
1205,0.090000,0.000044,0.012784,0.102828,2.102828,1.897172
1206,-0.069545,0.000039,-0.373935,-0.443441,1.556559,2.443441
1207,-0.010909,0.000039,0.137429,0.126559,2.126559,1.873441
1208,-0.028636,0.000037,-0.041548,-0.070148,1.929852,2.070148
1209,0.005455,0.000037,0.079901,0.085392,2.085392,1.914608
1210,-0.069545,0.000033,-0.175781,-0.245294,1.754706,2.245294
1211,0.015000,0.000034,0.198153,0.213187,2.213187,1.786813
1212,-0.025909,0.000032,-0.095881,-0.121758,1.878242,2.121758
1213,0.051818,0.000035,0.182173,0.234027,2.234027,1.765973
1214,0.072273,0.000040,0.047940,0.120253,2.120253,1.879747
1215,-0.152727,0.000030,-0.527344,-0.680041,1.319959,2.680041
1216,0.027273,0.000032,0.421875,0.449180,2.449180,1.550820
1217,0.088636,0.000038,0.143821,0.232495,2.232495,1.767505
1218,0.035455,0.000040,-0.124645,-0.089150,1.910850,2.089150
1219,0.061364,0.000044,0.060724,0.122132,2.122132,1.877868
1220,-0.042273,0.000041,-0.242898,-0.285129,1.714871,2.285129
1221,-0.083182,0.000036,-0.095881,-0.179027,1.820973,2.179027
1222,0.070909,0.000040,0.361151,0.432100,2.432100,1.567900
1223,-0.092727,0.000034,-0.383523,-0.476216,1.523784,2.476216
1224,0.009545,0.000035,0.239702,0.249282,2.249282,1.750718
1225,0.085909,0.000040,0.178977,0.264927,2.264927,1.735073
1226,0.045000,0.000043,-0.095881,-0.050837,1.949163,2.050837
1227,-0.034091,0.000041,-0.185369,-0.219419,1.780581,2.219419
1228,0.092727,0.000047,0.297230,0.390005,2.390005,1.609995
1229,0.005455,0.000047,-0.204545,-0.199043,1.800957,2.199043
1230,-0.109091,0.000040,-0.268466,-0.377516,1.622484,2.377516
1231,-0.054545,0.000037,0.127841,0.073332,2.073332,1.926668
1232,-0.012273,0.000036,0.099077,0.086840,2.086840,1.913160
1233,-0.042273,0.000034,-0.070313,-0.112552,1.887448,2.112552
1234,0.027273,0.000035,0.162997,0.190305,2.190305,1.809695
1235,-0.024545,0.000034,-0.121449,-0.145961,1.854039,2.145961
1236,0.024545,0.000035,0.115057,0.139638,2.139638,1.860362
1237,-0.005455,0.000035,-0.070313,-0.075732,1.924268,2.075732
1238,-0.060000,0.000031,-0.127841,-0.187810,1.812190,2.187810
1239,-0.054545,0.000028,0.012784,-0.041734,1.958266,2.041734
1240,0.100909,0.000034,0.364347,0.465290,2.465290,1.534710
1241,0.094091,0.000040,-0.015980,0.078151,2.078151,1.921849
1242,0.050455,0.000043,-0.102273,-0.051775,1.948225,2.051775
1243,-0.073636,0.000039,-0.290838,-0.364436,1.635564,2.364436
1244,-0.049091,0.000035,0.057528,0.008473,2.008473,1.991527
1245,0.065455,0.000040,0.268466,0.333960,2.333960,1.666040
1246,-0.090000,0.000034,-0.364347,-0.454313,1.545687,2.454313
1247,-0.058636,0.000030,0.073509,0.014902,2.014902,1.985098
1248,0.053182,0.000034,0.262074,0.315289,2.315289,1.684711
1249,-0.024545,0.000032,-0.182173,-0.206687,1.793313,2.206687
1250,-0.005455,0.000032,0.044744,0.039321,2.039321,1.960679
1251,0.015000,0.000033,0.047940,0.062973,2.062973,1.937027
1252,0.060000,0.000036,0.105469,0.165505,2.165505,1.834495
1253,-0.046364,0.000033,-0.249290,-0.295620,1.704380,2.295620
1254,-0.031364,0.000031,0.035156,0.003824,2.003824,1.996176
1255,-0.083182,0.000026,-0.121449,-0.204605,1.795395,2.204605
1256,-0.005455,0.000026,0.182173,0.176744,2.176744,1.823256
1257,0.046364,0.000029,0.121449,0.167841,2.167841,1.832159
1258,0.064091,0.000033,0.041548,0.105672,2.105672,1.894328
1259,-0.006818,0.000032,-0.166193,-0.172979,1.827021,2.172979
1260,-0.025909,0.000031,-0.044744,-0.070623,1.929377,2.070623
1261,0.017727,0.000032,0.102273,0.120032,2.120032,1.879968
1262,-0.072273,0.000027,-0.210938,-0.283183,1.716817,2.283183
1263,0.036818,0.000030,0.255682,0.292530,2.292530,1.707470
1264,0.079091,0.000035,0.099077,0.178202,2.178202,1.821798
1265,-0.111818,0.000027,-0.447443,-0.559234,1.440766,2.559234
1266,0.073636,0.000032,0.434659,0.508328,2.508328,1.491672
1267,-0.013636,0.000031,-0.204545,-0.218150,1.781850,2.218150
1268,-0.013636,0.000030,0.000000,-0.013606,1.986394,2.013606
1269,0.087273,0.000036,0.236506,0.323814,2.323814,1.676186
1270,-0.045000,0.000033,-0.310014,-0.354981,1.645019,2.354981
1271,-0.092727,0.000027,-0.111861,-0.204561,1.795439,2.204561
1272,-0.027273,0.000025,0.153409,0.126162,2.126162,1.873838
1273,0.061364,0.000029,0.207741,0.269135,2.269135,1.730865
1274,0.004091,0.000030,-0.134233,-0.130112,1.869888,2.130112
1275,0.023182,0.000031,0.044744,0.067957,2.067957,1.932043
1276,0.047727,0.000034,0.057528,0.105290,2.105290,1.894710
1277,0.020455,0.000036,-0.063920,-0.043430,1.956570,2.043430
1278,0.005455,0.000036,-0.035156,-0.029666,1.970334,2.029666
1279,0.032727,0.000038,0.063920,0.096686,2.096686,1.903314
1280,-0.121364,0.000030,-0.361151,-0.482484,1.517516,2.482484
1281,0.070909,0.000035,0.450639,0.521583,2.521583,1.478417
1282,-0.035455,0.000032,-0.249290,-0.284712,1.715288,2.284712
1283,-0.031364,0.000030,0.009588,-0.021745,1.978255,2.021745
1284,-0.047727,0.000027,-0.038352,-0.086052,1.913948,2.086052
1285,0.070909,0.000032,0.278054,0.348995,2.348995,1.651005
1286,-0.105000,0.000025,-0.412287,-0.517262,1.482738,2.517262
1287,0.121364,0.000033,0.530540,0.651936,2.651936,1.348064
1288,0.021818,0.000034,-0.233310,-0.211457,1.788543,2.211457
1289,-0.005455,0.000034,-0.063920,-0.069341,1.930659,2.069341
1290,0.025909,0.000036,0.073509,0.099453,2.099453,1.900547
1291,0.012273,0.000036,-0.031960,-0.019651,1.980349,2.019651
1292,0.046364,0.000039,0.079901,0.126304,2.126304,1.873696
1293,0.000000,0.000039,-0.108665,-0.108625,1.891375,2.108625
1294,0.085909,0.000045,0.201349,0.287303,2.287303,1.712697
1295,-0.016364,0.000044,-0.239702,-0.256021,1.743979,2.256021
1296,-0.062727,0.000040,-0.108665,-0.171352,1.828648,2.171352
1297,-0.019091,0.000039,0.102273,0.083220,2.083220,1.916780
1298,-0.095455,0.000033,-0.178977,-0.274399,1.725601,2.274399
1299,-0.058636,0.000029,0.086293,0.027685,2.027685,1.972315
1300,0.121364,0.000037,0.421875,0.543275,2.543275,1.456725
1301,0.055909,0.000040,-0.153409,-0.097460,1.902540,2.097460
1302,0.002727,0.000040,-0.124645,-0.121877,1.878123,2.121877
1303,0.005455,0.000041,0.006392,0.011887,2.011887,1.988113
1304,-0.065455,0.000036,-0.166193,-0.231611,1.768389,2.231611
1305,0.039545,0.000039,0.246094,0.285678,2.285678,1.714322
1306,0.088636,0.000045,0.115057,0.203738,2.203738,1.796262
1307,0.035455,0.000047,-0.124645,-0.089143,1.910857,2.089143
1308,-0.042273,0.000044,-0.182173,-0.224402,1.775598,2.224402
1309,0.106364,0.000051,0.348366,0.454781,2.454781,1.545219
1310,-0.023182,0.000050,-0.303622,-0.326754,1.673246,2.326754
1311,0.115909,0.000057,0.325994,0.441960,2.441960,1.558040
1312,0.045000,0.000060,-0.166193,-0.121133,1.878867,2.121133
1313,0.013636,0.000061,-0.073509,-0.059811,1.940189,2.059811
1314,0.043636,0.000064,0.070313,0.114012,2.114012,1.885988
1315,-0.021818,0.000062,-0.153409,-0.175165,1.824835,2.175165
1316,0.072273,0.000067,0.220526,0.292865,2.292865,1.707135
1317,0.046364,0.000070,-0.060724,-0.014291,1.985709,2.014291
1318,0.050455,0.000073,0.009588,0.060116,2.060116,1.939884
1336,-0.399545,0.000047,-1.054688,-1.454186,0.545814,3.454186
1337,-0.057273,0.000044,0.802202,0.744973,2.744973,1.255027
1338,-0.122727,0.000036,-0.153409,-0.276100,1.723900,2.276100
1339,-0.144545,0.000027,-0.051136,-0.195655,1.804345,2.195655
1340,-0.215455,0.000013,-0.166193,-0.381635,1.618365,2.381635
1341,-0.133636,0.000004,0.191761,0.058129,2.058129,1.941871
1342,-0.012273,0.000003,0.284446,0.272177,2.272177,1.727823
1343,-0.105000,-0.000003,-0.217330,-0.322333,1.677667,2.322333
1344,-0.113182,-0.000010,-0.019176,-0.132368,1.867632,2.132368
1345,0.000000,-0.000010,0.265270,0.265259,2.265259,1.734741
1346,0.017727,-0.000009,0.041548,0.059266,2.059266,1.940734